rank,term,frequency
1,в,1476
2,Матч,1397
3,Лига,1102
4,и,1020
5,России,924
6,на,895
7,ТВ,876
8,Чемпионат,803
9,Футбол,786
10,Премьер,768
11,Максимум,654
12,по,626
13,виды,618
14,ГИД,558
15,трансляции,546
16,СМИ,508
17,о,501
18,,500
19,МатчТВ,465
20,Матч,461
21,Европы,451
22,издания,400
23,сетевого,400
24,спортивный,387
25,телеканал,386
26,Сборная,386
27,поиск,372
28,А,355
29,88Логотип,350
30,к,347
31,с,333
32,новости,332
33,онлайн,330
34,КХЛ,327
35,РПЛ,325
36,Бонус,314
37,МХЛ,314
38,качестве,313
39,статьи,312
40,хорошем,310
41,М,305
42,мира,290
43,через,289
44,ООО,286
45,Ещё,279
46,Профиль,279
47,Сборные,279
48,77563Выход,279
49,Подробнее,279
50,Арена,276
51,Боец,275
52,Вконтакте,271
53,Игра,271
54,видео,256
55,смотреть,255
56,,252
57,эфире,250
58,из,250
59,ЦСКА,243
60,футболу,239
61,сайте,239
62,гонки,238
63,катание,235
64,чемпионов,232
65,мир,229
66,ПАРИ,228
67,НХЛ,223
68,Б,221
69,ВТБ,221
70,конференций,221
71,наций,221
72,сезона,221
73,Кубок,220
74,Конный,220
75,атлетика,219
76,Вторая,214
77,обзоры,209
78,технологий,207
79,мото,207
80,не,206
81,больше,203
82,Германия,201
83,данных,200
84,информации,200
85,персональных,200
86,обработки,200
87,редакции,200
88,Национальный,200
89,Италия,200
90,массовой,200
91,1Матч,197
92,НБА,196
93,Локомотив,195
94,Подписки,193
95,регистрации,193
96,Краснодар,191
97,Кубань,189
98,согласие,189
99,двух,188
100,использование,186
101,77563Вход,186
102,чуть,186
103,подписку,186
104,Академия,186
105,77563Закрыть,186
106,символов,186
107,23Матч,186
108,77563Лига,186
109,ПТС,186
110,Национальный,186
111,12Матч,186
112,Искать,186
113,окно,186
114,77563Матч,186
115,Открыть,186
116,трансляциям,186
117,3Введите,186
118,3Матч,186
119,Закрыть,186
120,всплывающее,186
121,Еврокубки,186
122,20252026гг,186
123,77563Авторизироваться,186
124,доступ,186
125,трана,186
126,меню,186
127,прямые,183
128,Мир,182
129,Одноклассники,178
130,спорта,164
131,телеканала,162
132,от,161
133,Трансляция,160
134,что,153
135,канале,153
136,каналов,147
137,против,145
138,соревнований,144
139,,139
140,эфир,136
141,для,133
142,Видео,125
143,Италии,125
144,то,122
145,,119
146,В,119
147,нет,115
148,Испания,110
149,единоборства,109
150,Баскетбол,109
151,Фонбет,108
152,рекомендательных,107
153,Португалия,107
154,труда,107
155,Газпром,107
156,применения,107
157,рекламы,107
158,Нидерланды,107
159,Франция,107
160,Англия,107
161,Телепрограмма,106
162,Лыжные,105
163,Страна,105
164,еще,104
165,Бокс,104
166,Биатлон,104
167,номер,103
168,трансляций,103
169,Единоборства,102
170,Волейбол,102
171,Легкая,102
172,Регби,102
173,связи,102
174,Хоккей,102
175,МАТЧ,101
176,О,101
177,редактор,101
178,главный,101
179,Дмитрий,101
180,службой,100
181,сфере,100
182,Телеграм,100
183,Средство,100
184,ЭЛ,100
185,Политика,100
186,издание,100
187,Вакансии,100
188,7772390от,100
189,ФС,100
190,Аккредитация,100
191,соглашение,100
192,информационных,100
193,Брендбук,100
194,электронной,100
195,массовых,100
196,74956538419адрес,100
197,Роскомнадзор,100
198,Свидетельство,100
199,Размещение,100
200,Конов,100
201,средства,100
202,Охрана,100
203,моменты,100
204,коммуникаций,100
205,зарегистрировано,100
206,Федеральной,100
207,сетевое,100
208,соучредители,100
209,почты,100
210,телефона,100
211,,100
212,надзору,100
213,28022018Название,100
214,удалось,99
215,Трансляции,98
216,Если,98
217,список,97
218,работы,97
219,спортивным,96
220,Александра,96
221,вы,96
222,лучшие,95
223,Вы,95
224,получать,95
225,Хорошо,95
226,прямом,95
227,Новости,95
228,сайта,94
229,Фигурное,94
230,С,94
231,Главное,94
232,данные,94
233,иную,93
234,используем,93
235,6Эксклюзив,93
236,0Футбол,93
237,Правилах,93
238,731647316498889404366697Белоруссия,93
239,14Киберспорт,93
240,95749957490587855133191Чемпионат,93
241,17Легкая,93
242,технологии,93
243,сайт,93
244,Подтвердить,93
245,применяются,93
246,Европа,93
247,16Авто,93
248,Пользовательское,93
249,браузера,93
250,19Инсайды,93
251,контенту,93
252,34Фигурное,93
253,Принимаю,93
254,17309417309460232695351Франция,93
255,Зимние,93
256,Киберспорт,93
257,376163809999000202990804910182103358995510135899559999120710010010019915000403484034828472377596Логотип,93
258,436397436397372230299737729Лига,93
259,Даю,93
260,файлов,93
261,15Зимние,93
262,бесплатным,93
263,Учредитель,93
264,77563М,93
265,2Трансляции,93
266,записи,93
267,77563558985589823136920611707503Чемпионат,93
268,9Единоборства,93
269,информацию,93
270,видами,93
271,2551872206220628237630681371048Газпром,93
272,33тур,93
273,77563Телеграм,93
274,Шахматы,93
275,рекомендательные,93
276,68226822903543263778259Нидерланды,93
277,соглашении,93
278,Подари,93
279,2470424704876400297823Лига,93
280,Пользовательском,93
281,Приложение,93
282,101Формула,93
283,Инсайды,93
284,Политике,93
285,22,93
286,получи,93
287,775631Ваш,93
288,7756318На,93
289,Летние,93
290,поддержку,93
291,10Подари,93
292,8Бокс,93
293,2551872Газпром,93
294,8Матч,93
295,Эксклюзив,93
296,5Баскетбол,93
297,отключите,93
298,0Эфир,93
299,возможностях,93
300,ООО,93
301,2025,93
302,Обратная,93
303,1Телепрограмма,93
304,6516565165769283549293289486Англия,93
305,Поиск,93
306,Авто,93
307,кнопку,93
308,9Матч,93
309,рекламную,93
310,775631721517215643613020096109092Лига,93
311,тв,93
312,775631212374811054725646898Мир,93
313,Авторизоваться,93
314,18Шахматы,93
315,775631Мы,93
316,Теннис,93
317,2Биатлон,93
318,77563Войти,93
319,пользовательского,93
320,111Водные,93
321,согласны,93
322,5Подписки,93
323,настройках,93
324,1Формула,93
325,Нажмите,93
326,получите,93
327,связь,93
328,77563Поиск,93
329,735437354330689655107064920231003144558651606935Испания,93
330,веб,93
331,6Лыжные,93
332,Завершить,93
333,сервисов,93
334,2133тур,93
335,77563419419760014816137107Фонбет,93
336,Завершение,93
337,77563Открыть,93
338,77563Россия,93
339,Белоруссия,93
340,13Летние,93
341,7756334034054563492217065М,93
342,5775772039622890103201Чемпионат,93
343,12Волейбол,93
344,77563775632Меню,93
345,4204205844235987555314НХЛ,93
346,1Хоккей,93
347,файлы,93
